Name,Slug,Collection ID,Locale ID,Item ID,Archived,Draft,Created On,Updated On,Published On,Serp titulo,Serp metadescription,<h1>,1ª <h2>,2ª <h2>,NOVO paragrafo destaque,NOVO 1º Parágrafo,NOVO 2º Parágrafo
Acerto Trabalhista,acerto-trabalhista,65c413ba50d21de863daa711,6552987bfd4a5980b0cc5b42,65dbc63f854c3a79269a788c,false,false,Sun Feb 25 2024 22:59:11 GMT+0000 (Coordinated Universal Time),Sun Feb 25 2024 22:59:11 GMT+0000 (Coordinated Universal Time),Sun Feb 25 2024 22:59:24 GMT+0000 (Coordinated Universal Time),Acerto Trabalhista,Dúvidas sobre acerto trabalhista? Fale com advogados especializados em acertos e finais de contrato.,Acerto Trabalhista,Advogado Especializado em Acertos Trabalhistas,Direitos na Finalização de Acertos Trabalhistas,<p>Dúvidas sobre acerto trabalhista? Fale com advogados especializados em acertos e finais de contrato.</p>,<p>Buscando orientação jurídica sem custos? Advogados especializados oferecem consultoria jurídica gratuita para ajudá-lo a compreender melhor seus direitos trabalhistas.</p>,"<p>Na finalização de acertos trabalhistas, trabalhadores têm direitos a receber todas as verbas rescisórias e benefícios devidos, de acordo com o contrato de trabalho e a legislação.</p>"
Acidente de Trabalho Direitos,acidente-de-trabalho-direitos,65c413ba50d21de863daa711,6552987bfd4a5980b0cc5b42,6838d319f302bf8f9f172383,false,false,Thu May 29 2025 21:35:21 GMT+0000 (Coordinated Universal Time),Thu May 29 2025 21:41:03 GMT+0000 (Coordinated Universal Time),Fri Jun 13 2025 21:43:47 GMT+0000 (Coordinated Universal Time),Direitos Após Acidente de Trabalho,Sofreu um Acidente de Trabalho? Saiba seus Direitos,Sofreu um Acidente de Trabalho? Saiba seus Direitos,Advogado Especializado em Acidente de Trabalho,Direitos Trabalhistas em Indenizações por Acidente de Trabalho,"<p id="""">Se você sofreu um acidente de trabalho, é importante saber: <strong id="""">você pode ter direito a receber indenizações, auxílios ou estabilidade no emprego.</strong> Muitos trabalhadores deixam de buscar seus direitos por falta de orientação — e acabam perdendo valores que poderiam fazer diferença na vida. Nossa equipe está pronta para avaliar o seu caso gratuitamente e te ajudar a conquistar o que é seu por lei. <strong id="""">Clique no botão abaixo e descubra, sem compromisso, se você tem direito a receber.</strong></p>","<p id="""">Todos os dias, milhares de trabalhadores conseguem na Justiça os valores que têm direito após acidentes — seja por erro da empresa, falta de equipamento ou afastamento. A boa notícia é que <strong id="""">a maioria desses casos pode ser resolvida sem custo inicial, com apoio de advogados especializados.</strong> A análise é gratuita e 100% sigilosa. Você só precisa dar o primeiro passo.</p><p id="""">‍</p>","<p id=""""><strong id="""">Mas atenção:</strong> direitos como indenização ou estabilidade têm prazo para serem acionados. Se você esperar demais, pode acabar perdendo valores importantes. Não deixe isso acontecer. <strong id="""">Quanto antes você buscar orientação, maiores são suas chances.</strong></p>"
"Acidente de Trabalho | Auxílio, Afastamento e Aposentadoria",acidente-de-trabalho-auxilio-afastamento-aposentadoria,65c413ba50d21de863daa711,6552987bfd4a5980b0cc5b42,6838d938795ed36b8fd4f0b4,false,false,Thu May 29 2025 22:01:28 GMT+0000 (Coordinated Universal Time),Thu May 29 2025 22:09:12 GMT+0000 (Coordinated Universal Time),Fri Jun 13 2025 21:43:47 GMT+0000 (Coordinated Universal Time),"Acidente de Trabalho: Saiba se Você Tem Direito a Auxílio, Estabilidade ou Aposentadoria","Sofreu acidente de trabalho? Você pode ter direito a auxílio, estabilidade ou até aposentadoria. Fale com advogados trabalhistas agora e receba orientação gratuita.","Sofreu Acidente no Trabalho? Descubra se Tem Direito a Auxílio, Estabilidade ou Aposentadoria",Especialistas em Direitos Trabalhistas Após Acidente no Trabalho,"Quem Tem Direito a Auxílio, Estabilidade ou Aposentadoria por Acidente de Trabalho?","<p id="""">Se você sofreu um acidente no trabalho ou durante o trajeto, pode ter direito a receber <strong id="""">auxílio-doença, estabilidade no emprego ou até aposentadoria por invalidez</strong>. Muitos trabalhadores deixam de buscar esses benefícios por falta de informação — e acabam perdendo valores importantes. <strong id="""">Nossa equipe analisa seu caso gratuitamente e te orienta com clareza e agilidade.</strong></p>","<p id="""">Situações como afastamento pelo INSS, sequelas permanentes ou demissão após o acidente exigem atenção redobrada. Com a ajuda de advogados especializados, você pode garantir seus direitos e obter o suporte necessário para enfrentar esse momento com segurança. <strong id="""">Aqui, cuidamos de tudo para que você tenha tranquilidade e apoio jurídico desde o início.</strong></p>","<p>Todo trabalhador com carteira assinada, que sofre um acidente durante o trabalho ou no trajeto pode ter direito a benefícios como <strong id="""">auxílio-doença acidentário</strong>, <strong id="""">estabilidade provisória no emprego</strong> por até 12 meses após o retorno, e em casos mais graves, <strong id="""">aposentadoria por invalidez</strong>. Mesmo quem foi demitido ou afastado há algum tempo pode ter direito a receber valores retroativos. <strong id="""">Cada situação é única — por isso, uma análise rápida com um advogado pode fazer toda a diferença. </strong>Caso o trabalhador<strong id=""""> não tenha carteira assinada, </strong>ele pode ter outros direitos inclusive<strong id="""">.</strong></p>"
Acordo Trabalhista,acordo-trabalhista,65c413ba50d21de863daa711,6552987bfd4a5980b0cc5b42,65dbc63fe0c30bf479c90734,false,false,Sun Feb 25 2024 22:59:11 GMT+0000 (Coordinated Universal Time),Sun Feb 25 2024 22:59:11 GMT+0000 (Coordinated Universal Time),Sun Feb 25 2024 22:59:24 GMT+0000 (Coordinated Universal Time),Acordo Trabalhista,Questões sobre acordo trabalhista? Fale com advogados especializados em negociações trabalhistas.,Acordo Trabalhista,Advogado Especializado em Acordos Trabalhistas,Direitos e Procedimentos em Acordos Trabalhistas,<p>Questões sobre acordo trabalhista? Fale com advogados especializados em negociações trabalhistas.</p>,"<p>Ao finalizar um contrato de trabalho, um advogado especializado pode assegurar que seu acerto trabalhista reflita adequadamente seus direitos e contribuições.</p>","<p>Nos acordos trabalhistas, é importante conhecer seus direitos e os procedimentos corretos para assegurar que o acordo seja justo e conforme a lei.</p>"
Acumulo de Função,acumulo-de-funcao,65c413ba50d21de863daa711,6552987bfd4a5980b0cc5b42,65dbc640330db56ddaf003ee,false,false,Sun Feb 25 2024 22:59:12 GMT+0000 (Coordinated Universal Time),Sun Feb 25 2024 22:59:12 GMT+0000 (Coordinated Universal Time),Sun Feb 25 2024 22:59:24 GMT+0000 (Coordinated Universal Time),Acumulo de Função,Lidando com acúmulo de função? Consulte advogados especializados para entender seus direitos.,Acumulo de Função,Advogado Especializado em Acúmulo de Funções,Direitos Trabalhistas no Acúmulo de Funções,<p>Lidando com acúmulo de função? Consulte advogados especializados para entender seus direitos.</p>,<p>O acúmulo de funções sem a devida compensação é um problema comum. Um advogado especializado pode auxiliar na reivindicação de condições de trabalho justas e remuneração adequada.</p>,"<p>O trabalhador que acumula funções tem direito a uma remuneração adequada, de acordo com a carga de trabalho efetivamente desempenhada, conforme determinado pela legislação trabalhista.</p>"
Assédio Moral no Trabalho,assedio-moral,65c413ba50d21de863daa711,6552987bfd4a5980b0cc5b42,65dbc6429aa219adfed98de1,false,false,Sun Feb 25 2024 22:59:14 GMT+0000 (Coordinated Universal Time),Sun Feb 25 2024 22:59:14 GMT+0000 (Coordinated Universal Time),Sun Feb 25 2024 22:59:24 GMT+0000 (Coordinated Universal Time),Assédio Moral no Trabalho,Sofrendo assédio moral no trabalho? Fale agora com advogados especializados para proteger seus direitos.,Assédio Moral no Trabalho,Advogado Especializado em Assédio Moral no Ambiente de Trabalho,Proteção Legal Contra Assédio Moral no Trabalho,<p>Sofrendo assédio moral no trabalho? Fale agora com advogados especializados para proteger seus direitos.</p>,"<p>Especialistas podem oferecer suporte a vítimas de assédio moral, orientando sobre as medidas legais cabíveis para proteger seus direitos e bem-estar.</p>","<p>Os trabalhadores têm proteção legal contra o assédio moral no trabalho, com medidas previstas na legislação trabalhista para prevenir, punir e reparar casos de assédio, visando garantir um ambiente de trabalho saudável e respeitoso.</p>"
Assédio Moral no Trabalho Como Provar,assedio-moral-no-trabalho-como-provar,65c413ba50d21de863daa711,6552987bfd4a5980b0cc5b42,65dbc642dfd69f5cab689d37,false,false,Sun Feb 25 2024 22:59:14 GMT+0000 (Coordinated Universal Time),Sun Feb 25 2024 22:59:14 GMT+0000 (Coordinated Universal Time),Sun Feb 25 2024 22:59:24 GMT+0000 (Coordinated Universal Time),Assédio Moral no Trabalho Como Provar,Como provar assédio moral no trabalho? Receba dicas e orientações de advogados especializados.,Assédio Moral no Trabalho Como Provar,Advogado Especializado em Provas de Assédio Moral,Estratégias Legais para Provar Assédio Moral,<p>Como provar assédio moral no trabalho? Receba dicas e orientações de advogados especializados.</p>,<p>Profissionais com expertise em assédio moral podem auxiliar na coleta e apresentação de evidências para fortalecer o caso de vítimas de assédio no trabalho.</p>,"<p>Existem diversas estratégias legais para provar casos de assédio moral no trabalho, como coleta de provas documentais, testemunhais, registros de ocorrências, entre outras, que podem ser utilizadas em processos judiciais para buscar reparação e justiça.</p>"
Auxiliar de Limpeza tem Direito a Insalubridade,auxiliar-de-limpeza,65c413ba50d21de863daa711,6552987bfd4a5980b0cc5b42,65dbc641cbee81681e77e3c8,false,false,Sun Feb 25 2024 22:59:13 GMT+0000 (Coordinated Universal Time),Sun Feb 25 2024 22:59:13 GMT+0000 (Coordinated Universal Time),Sun Feb 25 2024 22:59:24 GMT+0000 (Coordinated Universal Time),Auxiliar de Limpeza tem Direito a Insalubridade,Auxiliar de limpeza: conheça seus direitos a insalubridade com advogados especializados.,Auxiliar de Limpeza tem Direito a Insalubridade,Advogado Especializado em Insalubridade para Auxiliares de Limpeza,Direitos à Insalubridade para Auxiliares de Limpeza,<p>Auxiliar de limpeza: conheça seus direitos a insalubridade com advogados especializados.</p>,<p>Especialistas em direito trabalhista podem orientar auxiliares de limpeza sobre como reivindicar adicionais de insalubridade e proteger sua saúde no ambiente de trabalho.</p>,"<p>Os auxiliares de limpeza têm direito ao adicional de insalubridade quando expostos a agentes nocivos à saúde durante suas atividades laborais, conforme regulamentado pela legislação trabalhista.</p>"
Açougueiro Tem Direito a Insalubridade,acougueiro,65c413ba50d21de863daa711,6552987bfd4a5980b0cc5b42,65dbc6418cd82161b0b09f31,false,false,Sun Feb 25 2024 22:59:13 GMT+0000 (Coordinated Universal Time),Sun Feb 25 2024 22:59:13 GMT+0000 (Coordinated Universal Time),Sun Feb 25 2024 22:59:24 GMT+0000 (Coordinated Universal Time),Açougueiro Tem Direito a Insalubridade,Açougueiro: saiba mais sobre seu direito a insalubridade com orientação de advogados especializados.,Açougueiro Tem Direito a Insalubridade,Advogado Especializado em Insalubridade para Açougueiros,Direitos de Insalubridade para Trabalhadores em Açougues,<p>Açougueiro: saiba mais sobre seu direito a insalubridade com orientação de advogados especializados.</p>,<p>Açougueiros expostos a condições insalubres podem contar com o suporte de advogados especializados para reivindicar os adicionais e proteções adequadas.</p>,"<p>Trabalhadores em açougues têm direito ao adicional de insalubridade devido à exposição a condições insalubres durante o manuseio de carnes e outros produtos, conforme previsto na legislação trabalhista.</p>"
Açougueiro Tem Direito a Periculosidade,acougueiro-tem-direito-a-periculosidade,65c413ba50d21de863daa711,6552987bfd4a5980b0cc5b42,65dbc6419fbb21da5b4f3277,false,false,Sun Feb 25 2024 22:59:13 GMT+0000 (Coordinated Universal Time),Sun Feb 25 2024 22:59:13 GMT+0000 (Coordinated Universal Time),Sun Feb 25 2024 22:59:24 GMT+0000 (Coordinated Universal Time),Açougueiro Tem Direito a Periculosidade,Açougueiro enfrenta riscos? Descubra seus direitos a periculosidade com advogados especializados.,Açougueiro Tem Direito a Periculosidade,Advogado Especializado em Periculosidade para Açougueiros,Regulamentação de Periculosidade para Açougueiros,<p>Açougueiro enfrenta riscos? Descubra seus direitos a periculosidade com advogados especializados.</p>,"<p>Especialistas podem orientar açougueiros sobre seus direitos a adicionais de periculosidade, especialmente quando o trabalho envolve riscos significativos à segurança.</p>","<p>A regulamentação trabalhista estabelece critérios para o pagamento do adicional de periculosidade aos açougueiros, considerando os riscos específicos associados ao trabalho em açougues, como o manuseio de ferramentas cortantes e equipamentos perigosos.</p>"
Ação de Indenização Portabilidade Bancária,acao-de-indenizacao-portabilidade-bancaria,65c413ba50d21de863daa711,6552987bfd4a5980b0cc5b42,65dbc642b1abbdab07d2863e,false,false,Sun Feb 25 2024 22:59:14 GMT+0000 (Coordinated Universal Time),Sun Feb 25 2024 22:59:14 GMT+0000 (Coordinated Universal Time),Sun Feb 25 2024 22:59:24 GMT+0000 (Coordinated Universal Time),Ação de Indenização Portabilidade Bancária,Problemas com portabilidade bancária? Explore suas opções de indenização com advogados especializados.,Ação de Indenização Portabilidade Bancária,Advogado Especializado em Indenizações por Portabilidade Bancária,Direitos a Indenizações por Falhas em Portabilidade Bancária,<p>Problemas com portabilidade bancária? Explore suas opções de indenização com advogados especializados.</p>,<p>Profissionais do direito podem orientar empregados sobre como buscar indenizações em casos de prejuízos relacionados a portabilidade bancária.</p>,"<p>Os clientes têm direito a indenizações por falhas em portabilidade bancária, que ocorrem quando há problemas na transferência de serviços financeiros entre bancos, conforme previsto na legislação consumerista, para compensar eventuais prejuízos sofridos.</p>"
Calcular Adicional Noturno,calcular-adicional-noturno,65c413ba50d21de863daa711,6552987bfd4a5980b0cc5b42,65dbc63ead5c4f22c21587af,false,false,Sun Feb 25 2024 22:59:10 GMT+0000 (Coordinated Universal Time),Sun Feb 25 2024 22:59:10 GMT+0000 (Coordinated Universal Time),Sun Feb 25 2024 22:59:24 GMT+0000 (Coordinated Universal Time),Calcular Adicional Noturno,Problemas com cálculo de adicional noturno? Fale com advogados especializados em remunerações.,Calcular Adicional Noturno,#REF!,Direitos Trabalhistas e o Adicional Noturno,<p>Problemas com cálculo de adicional noturno? Fale com advogados especializados em remunerações.</p>,"<p>Se você está buscando entender qual o valor da indenização por assédio moral no trabalho, um advogado especializado pode avaliar seu caso detalhadamente e orientar sobre as melhores ações a serem tomadas.</p>","<p>Trabalhadores que exercem suas funções no período noturno têm direito a um adicional específico sobre a hora trabalhada, conforme determinado pela legislação trabalhista.</p>"
Calcular Rescisão Trabalhista,calculo-rescisao,65c413ba50d21de863daa711,6552987bfd4a5980b0cc5b42,65dbc63e3ef4babfdce56b44,false,false,Sun Feb 25 2024 22:59:10 GMT+0000 (Coordinated Universal Time),Sun Feb 25 2024 22:59:10 GMT+0000 (Coordinated Universal Time),Sun Feb 25 2024 22:59:24 GMT+0000 (Coordinated Universal Time),Calcular Rescisão Trabalhista,Problemas com cálculo de rescisão trabalhista? Fale com advogados especializados em rescisões.,Calcular Rescisão Trabalhista,Advogado Especializado em Assédio Moral no Trabalho,Direitos Trabalhistas na Rescisão de Contrato,<p>Problemas com cálculo de rescisão trabalhista? Fale com advogados especializados em rescisões.</p>,<p>Dúvidas sobre o adicional noturno? Advogados especializados podem esclarecer suas questões e ajudar a garantir a remuneração correta pelo seu trabalho.</p>,"<p>Na rescisão de contrato, os trabalhadores têm direitos a aviso prévio, saldo de salário, férias proporcionais, 13º salário proporcional e, em alguns casos, indenização.</p>"
Como Calcular Acerto de Funcionário Não Registrado,trabalho-sem-carteira-assinada,65c413ba50d21de863daa711,6552987bfd4a5980b0cc5b42,65dbc64056a2fea202bea644,false,false,Sun Feb 25 2024 22:59:12 GMT+0000 (Coordinated Universal Time),Sun Feb 25 2024 22:59:12 GMT+0000 (Coordinated Universal Time),Sun Feb 25 2024 22:59:24 GMT+0000 (Coordinated Universal Time),Como Calcular Acerto de Funcionário Não Registrado,Funcionário não registrado? Aprenda a calcular o acerto com advogados especializados em direitos trabalhistas.,Como Calcular Acerto de Funcionário Não Registrado,Advogado Especializado em Direitos de Funcionários Não Registrados,Cálculo de Acertos para Funcionários Não Registrados,<p>Funcionário não registrado? Aprenda a calcular o acerto com advogados especializados em direitos trabalhistas.</p>,<p>Trabalhadores sem registro formal também têm direitos. Um advogado especializado pode oferecer orientação sobre como reivindicar esses direitos e buscar tratamento justo.</p>,"<p>Funcionários não registrados têm direito a cálculos de acertos trabalhistas proporcionais ao período trabalhado, incluindo salários, férias e décimo terceiro, mesmo na ausência de registro formal.</p>"
Como Calcular Indenização por Acidente de Trabalho,como-calcular-indenizacao-por-acidente-de-trabalho,65c413ba50d21de863daa711,6552987bfd4a5980b0cc5b42,65dbc63ec5e12591dede0383,false,false,Sun Feb 25 2024 22:59:10 GMT+0000 (Coordinated Universal Time),Sun Feb 25 2024 22:59:10 GMT+0000 (Coordinated Universal Time),Sun Feb 25 2024 22:59:24 GMT+0000 (Coordinated Universal Time),Como Calcular Indenização por Acidente de Trabalho,Problemas com cálculo de indenização por acidente de trabalho? Fale com advogados especializados em acidentes de trabalho.,Como Calcular Indenização por Acidente de Trabalho,Advogado Especializado em Rescisão Trabalhista,Direitos Trabalhistas em Indenizações por Acidente de Trabalho,<p>Problemas com cálculo de indenização por acidente de trabalho? Fale com advogados especializados em acidentes de trabalho.</p>,"<p>Problemas de saúde causados pelo trabalho, como hérnia de disco, podem ter consequências graves. Um advogado especializado pode ajudar a buscar indenização e suporte.</p>","<p>Trabalhadores vítimas de acidentes de trabalho têm direito a indenizações, suporte para recuperação e, quando aplicável, reabilitação para retorno ao trabalho.</p>"
Como Processar uma Empresa,processar,65c413ba50d21de863daa711,6552987bfd4a5980b0cc5b42,65dbc63f882147dc8c4206b2,false,false,Sun Feb 25 2024 22:59:11 GMT+0000 (Coordinated Universal Time),Sun Nov 02 2025 20:03:52 GMT+0000 (Coordinated Universal Time),Thu Nov 20 2025 12:13:01 GMT+0000 (Coordinated Universal Time),Como Processar uma Empresa,Pensando em processar uma empresa? Fale com advogados especializados em ações trabalhistas.,Processar Empresa,Advogado Especializado em Processos Contra Empresas,Direitos Trabalhistas ao Processar uma Empresa,"<p id="""">Pensando em processar seu empregador? Fale com advogados especializados em ações trabalhistas.</p>","<p>Enfrentando problemas com seu empregador? Um advogado especializado pode representá-lo em processos contra empresas, defendendo seus direitos e interesses.</p>","<p>Ao processar uma empresa, os trabalhadores têm direito a uma representação justa e a buscar reparação por injustiças sofridas no ambiente de trabalho.</p>"
Cálculo Rescisão Empregada Doméstica Online Grátis,calculo-rescisao-empregada-domestica-online-gratis,65c413ba50d21de863daa711,6552987bfd4a5980b0cc5b42,65dbc641121420dd8b6fa5d7,false,false,Sun Feb 25 2024 22:59:13 GMT+0000 (Coordinated Universal Time),Sun Feb 25 2024 22:59:13 GMT+0000 (Coordinated Universal Time),Sun Feb 25 2024 22:59:24 GMT+0000 (Coordinated Universal Time),Cálculo Rescisão Empregada Doméstica Online Grátis,Calcule a rescisão de empregada doméstica online e grátis com a ajuda de advogados especializados.,Cálculo Rescisão Empregada Doméstica Online Grátis,Advogado Especializado em Cálculo para Empregadas Domésticas,Rescisão de Empregadas Domésticas,<p>Calcule a rescisão de empregada doméstica online e grátis com a ajuda de advogados especializados.</p>,"<p>Advogados especializados podem assegurar que as empregadas domésticas tenham seus direitos trabalhistas respeitados, incluindo jornada de trabalho, remuneração e benefícios sociais adequados.</p>","<p>Na rescisão do contrato de trabalho de empregadas domésticas, são garantidos direitos como aviso prévio, saldo de salário, férias proporcionais, décimo terceiro e recolhimento do FGTS, conforme estabelecido pela legislação trabalhista.</p>"
Danos Morais no Trabalho,danos-morais,65c413ba50d21de863daa711,6552987bfd4a5980b0cc5b42,65dbc6427cbf5ba118397395,false,false,Sun Feb 25 2024 22:59:14 GMT+0000 (Coordinated Universal Time),Sun Feb 25 2024 22:59:14 GMT+0000 (Coordinated Universal Time),Sun Feb 25 2024 22:59:24 GMT+0000 (Coordinated Universal Time),Danos Morais no Trabalho,Vítima de danos morais no trabalho? Saiba como proceder com orientação de advogados especializados.,Danos Morais no Trabalho,Advogado Especializado em Casos de Danos Morais no Trabalho,Legislação sobre Danos Morais no Ambiente de Trabalho,<p>Vítima de danos morais no trabalho? Saiba como proceder com orientação de advogados especializados.</p>,<p>Advogados especializados em danos morais podem ajudar trabalhadores que sofreram prejuízos emocionais ou à reputação no ambiente de trabalho a buscar compensação.</p>,"<p>A legislação trabalhista prevê medidas para proteger os trabalhadores contra danos morais no ambiente de trabalho, proibindo práticas abusivas e estabelecendo penalidades para casos de assédio moral, conforme determinado pela legislação específica.</p>"
Demissão por Justa Causa o que Recebe,justa-causa,65c413ba50d21de863daa711,6552987bfd4a5980b0cc5b42,65dbc63f585f7cf134f7574b,false,false,Sun Feb 25 2024 22:59:11 GMT+0000 (Coordinated Universal Time),Sun Nov 02 2025 19:55:37 GMT+0000 (Coordinated Universal Time),Thu Nov 20 2025 12:13:01 GMT+0000 (Coordinated Universal Time),Demissão por Justa Causa o que Recebe,Foi demitido por justa causa? Descubra o que você tem direito a receber com advogados especializados.,Justa Causa,Advogado Especializado em Demissões por Justa Causa,Direitos Trabalhistas na Demissão por Justa Causa,<p>Foi demitido por justa causa? Descubra o que você tem direito a receber com advogados especializados.</p>,"<p>Se você foi demitido por justa causa e acredita que a decisão foi injusta, um advogado especializado pode analisar seu caso e ajudá-lo a contestar a demissão, defendendo seus direitos.</p>","<p>Na demissão por justa causa, os direitos trabalhistas podem variar, mas é essencial garantir que a demissão esteja de acordo com a legislação e que todos os direitos do trabalhador sejam respeitados.</p>"
Desvio de Função Clt,desvio-de-funcao,65c413ba50d21de863daa711,6552987bfd4a5980b0cc5b42,65dbc640fc4f675bc39c9378,false,false,Sun Feb 25 2024 22:59:12 GMT+0000 (Coordinated Universal Time),Sun Feb 25 2024 22:59:12 GMT+0000 (Coordinated Universal Time),Sun Feb 25 2024 22:59:24 GMT+0000 (Coordinated Universal Time),Desvio de Função Clt,Sofrendo desvio de função? Garanta seus direitos com advogados especializados em CLT.,Desvio de Função Clt,Advogado Especializado em Desvios de Função,Direitos Trabalhistas e Desvio de Função,<p>Sofrendo desvio de função? Garanta seus direitos com advogados especializados em CLT.</p>,"<p>Caso você esteja sendo submetido a desvios de função no trabalho, um advogado especializado pode ajudar a corrigir sua situação e garantir que seus direitos contratuais sejam respeitados.</p>","<p>Em casos de desvio de função, o trabalhador tem direito a diferenças salariais e possíveis indenizações, caso suas atribuições extrapolem as responsabilidades estabelecidas em seu contrato de trabalho.</p>"
Direitos da Gravida no Trabalho,gravida,65c413ba50d21de863daa711,6552987bfd4a5980b0cc5b42,65dbc63fbdbb9aca785e75a5,false,false,Sun Feb 25 2024 22:59:11 GMT+0000 (Coordinated Universal Time),Sun Nov 02 2025 19:59:06 GMT+0000 (Coordinated Universal Time),Thu Nov 20 2025 12:13:01 GMT+0000 (Coordinated Universal Time),Direitos da Grávida no Trabalho,Conheça os direitos da grávida no trabalho. Fale com advogados especializados em maternidade trabalhista.,Direitos Trabalhista Grávidas,Advogado Especializado em Direitos da Gestante no Trabalho,Proteção Trabalhista para Gestantes,<p>Conheça os direitos da grávida no trabalho. Fale com advogados especializados em maternidade trabalhista.</p>,"<p>Durante a gravidez, os direitos trabalhistas são ampliados e específicos. Conte com o apoio de advogados especializados para garantir que seus direitos como gestante sejam respeitados no ambiente de trabalho.</p>","<p>A legislação trabalhista oferece proteção adicional para gestantes, assegurando um ambiente de trabalho seguro e condições adequadas durante a gravidez.</p>"
Direitos do Vigilante,vigilantes-segurancas,65c413ba50d21de863daa711,6552987bfd4a5980b0cc5b42,65dbc6428cd82161b0b09f52,false,false,Sun Feb 25 2024 22:59:14 GMT+0000 (Coordinated Universal Time),Sun Feb 25 2024 22:59:14 GMT+0000 (Coordinated Universal Time),Sun Feb 25 2024 22:59:24 GMT+0000 (Coordinated Universal Time),Direitos do Vigilante,Vigilante: conheça seus direitos trabalhistas e garantias com o auxílio de advogados especializados.,Direitos do Vigilante,Advogado Especializado em Direitos dos Vigilantes,Direitos Trabalhistas e Proteções para Vigilantes,<p>Vigilante: conheça seus direitos trabalhistas e garantias com o auxílio de advogados especializados.</p>,"<p>Advogados especializados podem ajudar vigilantes a entender e defender seus direitos trabalhistas, incluindo questões de segurança, remuneração e condições de trabalho.</p>","<p>Vigilantes têm direito a diversos benefícios trabalhistas e proteções legais, incluindo adicional noturno, horas extras, seguro de vida, entre outros, conforme estabelecido pela legislação trabalhista específica para a categoria.</p>"
Empregada Doméstica tem Direito a Acerto por Tempo de Serviço,empregada-domestica,65c413ba50d21de863daa711,6552987bfd4a5980b0cc5b42,65dbc6410147fd8795329500,false,true,Sun Feb 25 2024 22:59:13 GMT+0000 (Coordinated Universal Time),Wed May 28 2025 10:28:55 GMT+0000 (Coordinated Universal Time),Sun Feb 25 2024 22:59:24 GMT+0000 (Coordinated Universal Time),Empregada Doméstica tem Direito a Acerto por Tempo de Serviço,Empregada doméstica: entenda seu direito a acerto por tempo de serviço com advogados especializados.,Empregada Doméstica tem Direito a Acerto por Tempo de Serviço,Advogado Especializado em Acerto de Empregadas Domésticas,Acerto Trabalhista para Empregadas Domésticas,"<p id="""">Conheça aqui os Direitos da Empregada Doméstica, Diarista e Faxineira: Entenda seu direito a acerto por tempo de serviço com advogados especializados.</p>","<p id="""">Empregadas domésticas possuem direitos específicos assegurados por lei. Um advogado especializado pode ajudar a garantir que esses direitos sejam cumpridos, promovendo um ambiente de trabalho justo. Conheça os Direitos da Empregada Doméstica, Faxineira e Diarista aqui na Quero Direito. Seja atendida por um Advogado Especializado.</p>","<p>As empregadas domésticas têm direito a todos os acertos trabalhistas previstos na legislação, incluindo salário, férias, décimo terceiro e recolhimento do Fundo de Garantia por Tempo de Serviço (FGTS), em caso de rescisão do contrato de trabalho.</p>"
Empresa Não Abriu a CAT,empresa-nao-abriu-cat,65c413ba50d21de863daa711,6552987bfd4a5980b0cc5b42,6838dbcf372925ade9ac7137,false,true,Thu May 29 2025 22:12:31 GMT+0000 (Coordinated Universal Time),Thu May 29 2025 22:19:01 GMT+0000 (Coordinated Universal Time),,"Acidente de Trabalho: Saiba se Você Tem Direito a Auxílio, Estabilidade ou Aposentadoria","Sofreu acidente de trabalho? Você pode ter direito a auxílio, estabilidade ou até aposentadoria. Fale com advogados trabalhistas agora e receba orientação gratuita.","Sofreu Acidente no Trabalho? Descubra se Tem Direito a Auxílio, Estabilidade ou Aposentadoria",Especialistas em Direitos Trabalhistas Após Acidente no Trabalho,"Quem Tem Direito a Auxílio, Estabilidade ou Aposentadoria por Acidente de Trabalho?","<p id="""">Se você sofreu um acidente no trabalho ou durante o trajeto, pode ter direito a receber <strong id="""">auxílio-doença, estabilidade no emprego ou até aposentadoria por invalidez</strong>. Muitos trabalhadores deixam de buscar esses benefícios por falta de informação — e acabam perdendo valores importantes. <strong id="""">Nossa equipe analisa seu caso gratuitamente e te orienta com clareza e agilidade.</strong></p>","<p id="""">Situações como afastamento pelo INSS, sequelas permanentes ou demissão após o acidente exigem atenção redobrada. Com a ajuda de advogados especializados, você pode garantir seus direitos e obter o suporte necessário para enfrentar esse momento com segurança. <strong id="""">Aqui, cuidamos de tudo para que você tenha tranquilidade e apoio jurídico desde o início.</strong></p>","<p>Todo trabalhador com carteira assinada, que sofre um acidente durante o trabalho ou no trajeto pode ter direito a benefícios como <strong id="""">auxílio-doença acidentário</strong>, <strong id="""">estabilidade provisória no emprego</strong> por até 12 meses após o retorno, e em casos mais graves, <strong id="""">aposentadoria por invalidez</strong>. Mesmo quem foi demitido ou afastado há algum tempo pode ter direito a receber valores retroativos. <strong id="""">Cada situação é única — por isso, uma análise rápida com um advogado pode fazer toda a diferença. </strong>Caso o trabalhador<strong id=""""> não tenha carteira assinada, </strong>ele pode ter outros direitos inclusive<strong id="""">.</strong></p>"
Empresa Não Abriu a CAT,empresa-nao-abriu-a-cat,65c413ba50d21de863daa711,6552987bfd4a5980b0cc5b42,6838dd855196c24dc6507e12,false,true,Thu May 29 2025 22:19:49 GMT+0000 (Coordinated Universal Time),Thu May 29 2025 22:52:26 GMT+0000 (Coordinated Universal Time),Thu May 29 2025 22:22:14 GMT+0000 (Coordinated Universal Time),Acidente de Trabalho Sem CAT? Saiba o Que Fazer Agora,A empresa não emitiu a CAT após seu acidente? Você pode garantir seus direitos mesmo assim. Fale com nossos advogados e receba orientação gratuita.,Empresa Não Abriu a CAT? Veja Como Proteger Seus Direitos,CAT Não Emitida: Quais São os Riscos para o Trabalhador?,Como Agir Quando a Empresa se Recusa a Emitir a CAT?,"<p id="""">Sofreu um acidente de trabalho e a empresa não abriu a CAT? Isso pode prejudicar gravemente seus direitos no INSS e até sua estabilidade no emprego. Mas atenção: <strong id="""">mesmo sem a CAT da empresa, você pode garantir seus direitos com apoio jurídico.</strong> Nossa equipe especializada está pronta para avaliar sua situação e te orientar, de forma gratuita e segura.</p>","<p id="""">A CAT é essencial para registrar formalmente o acidente de trabalho no INSS. Sem ela, o trabalhador pode ter <strong id="""">benefícios negados</strong> ou enfrentar dificuldades para conseguir afastamento, estabilidade ou aposentadoria. <strong id="""">Se a empresa se recusou a abrir, você mesmo pode acionar o INSS com apoio jurídico — e inclusive processar a empresa pela omissão.</strong></p><p id="""">‍</p>","<p id="""">Importante: deixar passar essa situação pode custar caro. Muitos trabalhadores só percebem os prejuízos quando já é tarde demais. <strong id="""">Quanto antes buscar orientação, maiores as chances de recuperar seus direitos. </strong>Clique abaixo e descubra agora o que fazer se a empresa não abriu a CAT.</p>"
Falar com Advogado Gratuito,falar-com-advogado,65c413ba50d21de863daa711,6552987bfd4a5980b0cc5b42,65dbc63ff076092fe71de058,false,false,Sun Feb 25 2024 22:59:11 GMT+0000 (Coordinated Universal Time),Sun Nov 02 2025 19:56:57 GMT+0000 (Coordinated Universal Time),Thu Nov 20 2025 12:13:01 GMT+0000 (Coordinated Universal Time),Falar com Advogado Gratuito,Precisa de orientação legal gratuita? Converse agora com advogados voluntários prontos para ajudar.,Advogado Trabalhista,Advogado Especializado em Consultoria Jurídica Gratuita,Direitos Trabalhistas e Assistência Jurídica Gratuita,<p>Precisa de orientação legal gratuita? Converse agora com advogados voluntários prontos para ajudar.</p>,"<p>Encontre advogados que oferecem consultoria jurídica gratuita para esclarecer suas dúvidas sobre direitos trabalhistas, ideal para quem busca orientação legal sem compromisso financeiro.</p>","<p>Trabalhadores que necessitam de assistência jurídica, mas não têm recursos, podem ter direito a suporte legal gratuito para defender seus direitos trabalhistas.</p>"
Faxineira de Escola Tem Direito a Insalubridade,faxineira-de-escola-tem-direito-a-insalubridade,65c413ba50d21de863daa711,6552987bfd4a5980b0cc5b42,65dbc642fcc6ba6f3c152ad3,false,false,Sun Feb 25 2024 22:59:14 GMT+0000 (Coordinated Universal Time),Sun Feb 25 2024 22:59:14 GMT+0000 (Coordinated Universal Time),Sun Feb 25 2024 22:59:24 GMT+0000 (Coordinated Universal Time),Faxineira de Escola Tem Direito a Insalubridade,Trabalha como faxineira em escola? Entenda seus direitos a insalubridade com advogados especializados.,Faxineira de Escola Tem Direito a Insalubridade,Advogado Especializado em Direitos de Faxineiras Escolares,Direitos de Insalubridade para Faxineiras de Escola,<p>Trabalha como faxineira em escola? Entenda seus direitos a insalubridade com advogados especializados.</p>,"<p>Profissionais do direito podem auxiliar faxineiras escolares a assegurar que seus direitos trabalhistas sejam respeitados, considerando as particularidades do ambiente de trabalho.</p>","<p>As faxineiras de escola têm direito ao adicional de insalubridade quando expostas a agentes nocivos à saúde durante suas atividades de limpeza nas escolas, conforme determinado pela legislação trabalhista.</p>"
Faxineiro Tem Direito a Insalubridade,faxineiro-tem-direito-a-insalubridade,65c413ba50d21de863daa711,6552987bfd4a5980b0cc5b42,65dbc64187518a21c1ee2582,false,false,Sun Feb 25 2024 22:59:13 GMT+0000 (Coordinated Universal Time),Sun Feb 25 2024 22:59:13 GMT+0000 (Coordinated Universal Time),Sun Feb 25 2024 22:59:24 GMT+0000 (Coordinated Universal Time),Faxineiro Tem Direito a Insalubridade,Faxineiro: entenda seus direitos a insalubridade com a ajuda de advogados especializados.,Faxineiro Tem Direito a Insalubridade,Advogado Especializado em Direitos de Faxineiros,Normas de Insalubridade Aplicáveis a Faxineiros,<p>Faxineiro: entenda seus direitos a insalubridade com a ajuda de advogados especializados.</p>,"<p>Advogados dedicados aos direitos de faxineiros podem oferecer assistência em questões de remuneração justa, condições de trabalho e benefícios legais.</p>","<p>Faxineiros têm direito ao adicional de insalubridade quando expostos a condições insalubres durante suas atividades de limpeza, de acordo com as normas estabelecidas pela legislação trabalhista.</p>"
Fui Demitida Grávida,fui-demitida-gravida,65c413ba50d21de863daa711,6552987bfd4a5980b0cc5b42,65dbc63fa372e193732dfa92,false,false,Sun Feb 25 2024 22:59:11 GMT+0000 (Coordinated Universal Time),Sun Feb 25 2024 22:59:11 GMT+0000 (Coordinated Universal Time),Sun Feb 25 2024 22:59:24 GMT+0000 (Coordinated Universal Time),Fui Demitida Grávida,Grávida e demitida? Fale com advogados especializados em direitos da gestante no trabalho.,Fui Demitida Grávida,Advogado Especializado em Demissão de Grávidas,Direitos Trabalhistas de Gestantes Demitidas,<p>Grávida e demitida? Fale com advogados especializados em direitos da gestante no trabalho.</p>,<p>A demissão de grávidas é um assunto delicado e protegido por lei. Advogados especializados podem te ajudar a defender seus direitos e buscar a justiça necessária.</p>,"<p>Gestantes demitidas têm direitos especiais, incluindo proteção contra demissão arbitrária e direito a estabilidade e indenizações.</p>"
Fui Demitido Quais meus Direitos Como Calcular,fui-demitido,65c413ba50d21de863daa711,6552987bfd4a5980b0cc5b42,65dbc63f006b70223316eece,false,false,Sun Feb 25 2024 22:59:11 GMT+0000 (Coordinated Universal Time),Sun Nov 02 2025 20:00:02 GMT+0000 (Coordinated Universal Time),Thu Nov 20 2025 12:13:01 GMT+0000 (Coordinated Universal Time),Fui Demitido Quais meus Direitos Como Calcular,Demitido e confuso sobre seus direitos? Fale com advogados especializados em direitos dos demitidos.,Fui Demitido,Advogado Especializado em Direitos de Demitidos,Direitos e Cálculos para Demitidos,<p>Demitido e confuso sobre seus direitos? Fale com advogados especializados em direitos dos demitidos.</p>,<p>Foi demitido e está em dúvida sobre seus direitos? Consulte um advogado especializado para entender suas opções e buscar o que lhe é devido.</p>,"<p>Trabalhadores demitidos têm direitos a cálculos específicos de rescisão, incluindo férias, 13º salário e indenizações, conforme a legislação aplicável.</p>"
Fui Demitido e Agora,fui-demitido-e-agora,65c413ba50d21de863daa711,6552987bfd4a5980b0cc5b42,65dbc63f9f6b400b385cbe21,false,false,Sun Feb 25 2024 22:59:11 GMT+0000 (Coordinated Universal Time),Sun Feb 25 2024 22:59:11 GMT+0000 (Coordinated Universal Time),Sun Feb 25 2024 22:59:24 GMT+0000 (Coordinated Universal Time),Fui Demitido e Agora,Acaba de ser demitido e não sabe o que fazer? Fale com advogados especializados em rescisões.,Fui Demitido e Agora,Advogado Especializado em Orientação para Demitidos,Orientações sobre Direitos após Demissão,<p>Acaba de ser demitido e não sabe o que fazer? Fale com advogados especializados em rescisões.</p>,"<p>Perdeu o emprego e não sabe o que fazer? Um advogado especializado pode oferecer orientação crucial para demitidos, ajudando a planejar os próximos passos.</p>","<p>Após uma demissão, é essencial buscar orientações sobre seus direitos, incluindo benefícios, compensações e possíveis ações legais.</p>"
Horas Extras,horas-extras,65c413ba50d21de863daa711,6552987bfd4a5980b0cc5b42,691f059dd90ae88111b2e752,false,false,Thu Nov 20 2025 12:12:13 GMT+0000 (Coordinated Universal Time),Thu Nov 20 2025 12:12:17 GMT+0000 (Coordinated Universal Time),Thu Nov 20 2025 12:13:01 GMT+0000 (Coordinated Universal Time),Trabalhou a Mais e Não Recebeu? Saiba Seus Direitos,"Trabalhou além da jornada e não recebeu? Veja seus direitos, quanto pode ganhar e como provar horas extras. Avaliação rápida e gratuita pelo WhatsApp.",Horas Extras Não Pagas? Veja Seus Direitos e Como Receber Tudo Que É Seu,Especialistas em Direitos de Horas Extras de Trabalhadores,"Se a empresa exige mais trabalho e não paga, isso pode gerar um alto valor em horas extras acumuladas.","<p id="""">Se você trabalha além do horário e nunca recebeu nada por isso, saiba que pode ter direito a uma indenização significativa. Milhares de trabalhadores perdem dinheiro todos os meses porque não conhecem a lei — e muitas empresas contam com isso.</p>","<p id="""">Pela CLT, toda hora extra deve ser paga com adicional mínimo de 50%, e domingos e feriados com 100%. Mesmo sem registro no ponto, é possível provar com mensagens, testemunhas, escalas e rotina de trabalho. Ou seja: se você trabalha mais do que 8 horas por dia ou 44 horas por semana, provavelmente está recebendo menos do que deveria.</p>","<p id="""">Você pode descobrir agora, de forma rápida e gratuita, quanto tem direito a receber e se o seu caso gera indenização. Basta clicar no botão e falar com um especialista que analisa seu caso em minutos. <strong id="""">Não perca dinheiro — veja hoje mesmo o que é seu por direito.</strong></p>"
Indenização Trabalhista,indenizacao,65c413ba50d21de863daa711,6552987bfd4a5980b0cc5b42,65dbc63e9aa219adfed98bb7,false,false,Sun Feb 25 2024 22:59:10 GMT+0000 (Coordinated Universal Time),Sun Nov 02 2025 20:06:13 GMT+0000 (Coordinated Universal Time),Thu Nov 20 2025 12:13:01 GMT+0000 (Coordinated Universal Time),Indenização Trabalhista,Problemas com indenização trabalhista? Fale com advogados especializados em indenizações.,Indenização Trabalhista,Advogado Especializado em Indenizações Trabalhistas,Direitos Trabalhistas Relacionados a Indenizações,<p>Problemas com indenização trabalhista? Fale com advogados especializados em indenizações.</p>,"<p>Se seus direitos foram violados, um advogado especializado em indenizações trabalhistas pode ajudar a entender suas opções e buscar a indenização adequada.</p>","<p>Os empregados têm direito a indenizações em diversas situações injustas ou ilegais no ambiente de trabalho, incluindo demissões sem justa causa, acidentes de trabalho e violações de contrato.</p>"
Indenização por Acidente de Trabalho,indenizacao-por-acidente-de-trabalho,65c413ba50d21de863daa711,6552987bfd4a5980b0cc5b42,6838d61b51e9a7e3f643ead1,false,true,Thu May 29 2025 21:48:11 GMT+0000 (Coordinated Universal Time),Thu May 29 2025 22:01:10 GMT+0000 (Coordinated Universal Time),Thu May 29 2025 21:54:13 GMT+0000 (Coordinated Universal Time),Indenização por Acidente de Trabalho: Saiba se Você Tem Direito,Sofreu acidente de trabalho? Você pode ter direito a indenização ou estabilidade. Fale agora com advogados especializados e receba uma análise gratuita.,Indenização por Acidente de Trabalho: Saiba Como Receber o que é Seu por Direito,Advogados Especializados em Acidentes de Trabalho e Direitos do Trabalhador,Quais Direitos o Trabalhador Tem Após um Acidente de Trabalho?,"<p id="""">Sofreu um acidente durante o trabalho? Você pode ter direito a receber <strong id="""">indenizações, estabilidade no emprego e até reintegração</strong>, dependendo da situação. Muitos trabalhadores passam por isso e acabam deixando seus direitos pra trás por falta de orientação. <strong id="""">Aqui, você recebe uma análise gratuita do seu caso com advogados especializados, sem pagar nada para começar.</strong></p>","<p id="""">Todos os dias, trabalhadores garantem valores importantes na Justiça por acidentes que sofreram em serviço. E o melhor: você não precisa entender de leis ou lidar com burocracia sozinho. <strong id="""">Nossa equipe cuida de tudo com responsabilidade, agilidade e clareza</strong>, pra que você possa focar no que importa: sua recuperação e seu futuro.</p>","<p id="""">Mas atenção: <strong id="""">seus direitos têm prazo para serem cobrados.</strong> Quanto mais tempo passa, maiores as chances de perder valores que poderiam fazer diferença na sua vida. <strong id="""">Quanto antes agirmos, melhor.</strong> Clique abaixo e descubra agora se você tem direito à indenização.</p><p id="""">‍</p>"
Indenização por Periculosidade,periculosidade,65c413ba50d21de863daa711,6552987bfd4a5980b0cc5b42,65dbcaf6ba41bda715132d5d,false,false,Sun Feb 25 2024 23:19:18 GMT+0000 (Coordinated Universal Time),Sun Feb 25 2024 23:19:18 GMT+0000 (Coordinated Universal Time),Sun Feb 25 2024 23:19:24 GMT+0000 (Coordinated Universal Time),Indenização por Periculosidade,Descubra seus direitos: saiba como reivindicar a indenização por periculosidade.,Indenização por Periculosidade,Advogado Especializado em Periculosidade no Trabalho,Quem Tem Direito a Periculosidade no Trabalho,<p>Descubra seus direitos: saiba como reivindicar a indenização por periculosidade.</p>,"<p>Trabalhadores expostos a situações de risco têm direito ao adicional de periculosidade, como forma de compensação. Essa medida visa proteger sua saúde e segurança no ambiente de trabalho.</p>","<p>Trabalhadores expostos a situações de risco têm direito ao adicional de periculosidade, como forma de compensação. Essa medida visa proteger sua saúde e segurança no ambiente de trabalho.</p>"
Justa Causa tem Direito a Seguro Desemprego,justa-causa-tem-direito-a-seguro-desemprego,65c413ba50d21de863daa711,6552987bfd4a5980b0cc5b42,65dbc63fbb7418d436bb1928,false,false,Sun Feb 25 2024 22:59:11 GMT+0000 (Coordinated Universal Time),Sun Feb 25 2024 22:59:11 GMT+0000 (Coordinated Universal Time),Sun Feb 25 2024 22:59:24 GMT+0000 (Coordinated Universal Time),Justa Causa tem Direito a Seguro Desemprego,Demissão por justa causa e seguro desemprego: entenda seus direitos com advogados especializados.,Justa Causa tem Direito a Seguro Desemprego,Advogado Especializado em Direitos sobre Seguro Desemprego,Direitos ao Seguro Desemprego após Justa Causa,<p>Demissão por justa causa e seguro desemprego: entenda seus direitos com advogados especializados.</p>,"<p>Em caso de dúvidas sobre o seguro desemprego ou dificuldades para recebê-lo após uma demissão, um advogado especializado pode orientá-lo sobre seus direitos e como proceder para garantir esse benefício.</p>","<p>Após uma demissão por justa causa, o trabalhador pode ter direito ao seguro desemprego, desde que preenchidos os requisitos estabelecidos pela legislação trabalhista.</p>"
Justa Causa tem Direito a que,justa-causa-tem-direito-a-que,65c413ba50d21de863daa711,6552987bfd4a5980b0cc5b42,65dbc63f56a2fea202bea625,false,false,Sun Feb 25 2024 22:59:11 GMT+0000 (Coordinated Universal Time),Sun Feb 25 2024 22:59:11 GMT+0000 (Coordinated Universal Time),Sun Feb 25 2024 22:59:24 GMT+0000 (Coordinated Universal Time),Justa Causa tem Direito a que,Despedido por justa causa? Saiba a que você tem direito falando com advogados especializados.,Justa Causa tem Direito a que,Advogado Especializado em Direitos após Demissão por Justa Causa,Direitos Reservados após Demissão por Justa Causa,<p>Despedido por justa causa? Saiba a que você tem direito falando com advogados especializados.</p>,"<p>Mesmo após uma demissão por justa causa, você pode ter direitos a serem reivindicados. Consulte um advogado especializado para entender melhor sua situação e buscar justiça.</p>","<p>Mesmo em casos de demissão por justa causa, o trabalhador possui direitos reservados, como o recebimento das verbas rescisórias e o acesso ao Fundo de Garantia por Tempo de Serviço (FGTS), de acordo com a legislação vigente.</p>"
Me Machuquei no Trabalho,me-machuquei-no-trabalho,65c413ba50d21de863daa711,6552987bfd4a5980b0cc5b42,6838e52f938fb595b89e6cb3,false,false,Thu May 29 2025 22:52:31 GMT+0000 (Coordinated Universal Time),Thu May 29 2025 22:54:16 GMT+0000 (Coordinated Universal Time),Fri Jun 13 2025 21:43:47 GMT+0000 (Coordinated Universal Time),Se Machucou no Trabalho? Veja Quais Direitos Você Pode Ter,"Se machucou durante o expediente? Você pode ter direito a auxílio, estabilidade ou indenização. Avaliação gratuita com advogados trabalhistas.",Se Machucou no Trabalho? Descubra Como Agir e Quais Benefícios Você Pode Ter,"Lesões no Trabalho Podem Garantir Auxílio, Estabilidade e Indenização",Quais São os Primeiros Passos Após se Machucar no Trabalho?,"<p id="""">Se você se machucou no trabalho — mesmo que pareça algo simples — é importante saber que pode ter direito a <strong id="""">auxílio-doença, estabilidade no emprego ou até uma indenização.</strong> Muitos trabalhadores deixam esses direitos passar por não saberem como agir. Aqui, você tem <strong id="""">atendimento gratuito com advogados especializados</strong>, que vão analisar seu caso com seriedade e agilidade.</p>","<p id="""">Quando o acidente acontece no ambiente de trabalho ou no trajeto, a lei garante proteção ao trabalhador. Desde o registro da CAT até o afastamento pelo INSS, tudo precisa ser feito corretamente. <strong id="""">Mesmo que a empresa não tenha dado suporte, você ainda pode buscar seus direitos com o apoio de um advogado.</strong></p><p id="""">‍</p>","<p id=""""><strong id="""">Atenção:</strong> agir rápido faz toda a diferença. Atrasar a procura por ajuda pode dificultar a concessão de benefícios ou até gerar a perda do direito à indenização. <strong id="""">Clique abaixo e veja agora se você pode receber algum valor ou benefício por ter se machucado no trabalho.</strong></p><p id="""">‍</p>"
Me Machuquei no Trabalho Quais meus Direitos,acidente-de-trabalho,65c413ba50d21de863daa711,6552987bfd4a5980b0cc5b42,65dbc640bb58feee80bb257c,false,true,Sun Feb 25 2024 22:59:12 GMT+0000 (Coordinated Universal Time),Thu May 29 2025 21:29:50 GMT+0000 (Coordinated Universal Time),Sun Feb 25 2024 22:59:24 GMT+0000 (Coordinated Universal Time),Me Machuquei no Trabalho Quais meus Direitos,Acidente no trabalho? Entenda seus direitos e compensações com advogados especializados em acidentes.,Me Machuquei no Trabalho Quais meus Direitos,Advogado Especializado em Acidentes de Trabalho,Direitos Trabalhistas em Caso de Acidentes de Trabalho,<p>Acidente no trabalho? Entenda seus direitos e compensações com advogados especializados em acidentes.</p>,"<p>Acidentes de trabalho podem ter consequências sérias. Um advogado especializado pode ajudá-lo a navegar pelo processo de reivindicação de direitos e compensações, garantindo o suporte necessário.</p>","<p>Em casos de acidentes de trabalho, o trabalhador tem direito a benefícios previdenciários, indenizações e estabilidade no emprego, conforme previsto na legislação trabalhista e previdenciária.</p>"
Meu Chefe me Humilhou o que Devo Fazer,meu-chefe,65c413ba50d21de863daa711,6552987bfd4a5980b0cc5b42,65dbc63ed028d80ac07f25c0,false,false,Sun Feb 25 2024 22:59:10 GMT+0000 (Coordinated Universal Time),Sun Feb 25 2024 22:59:10 GMT+0000 (Coordinated Universal Time),Sun Feb 25 2024 22:59:24 GMT+0000 (Coordinated Universal Time),Meu Chefe me Humilhou o que Devo Fazer,Problemas com humilhação no trabalho? Fale com advogados especializados em direitos trabalhistas.,Meu Chefe me Humilhou o que Devo Fazer,Advogado Especializado em Assédio Moral no Trabalho,Direitos Trabalhistas em Casos de Humilhação no Trabalho,<p>Problemas com humilhação no trabalho? Fale com advogados especializados em direitos trabalhistas.</p>,<p>Enfrentar assédio moral no trabalho pode ser desafiador. Um advogado especializado oferece suporte necessário para identificar ações cabíveis e buscar justiça.</p>,"<p>Os trabalhadores têm direito a um ambiente de trabalho seguro e respeitoso. Em casos de humilhação, a legislação trabalhista protege o empregado, permitindo a busca por reparação e medidas corretivas.</p>"
Motoboy tem Direito a Periculosidade,motoboy,65c413ba50d21de863daa711,6552987bfd4a5980b0cc5b42,65dbc64107d58e94d4ff1398,false,false,Sun Feb 25 2024 22:59:13 GMT+0000 (Coordinated Universal Time),Sun Feb 25 2024 22:59:13 GMT+0000 (Coordinated Universal Time),Sun Feb 25 2024 22:59:24 GMT+0000 (Coordinated Universal Time),Motoboy tem Direito a Periculosidade,Motoboy: entenda seus direitos a periculosidade com advogados especializados em legislação trabalhista.,Motoboy tem Direito a Periculosidade,Advogado Especializado em Direitos de Motoboys,Direitos Trabalhistas sobre Periculosidade para Motoboys,<p>Motoboy: entenda seus direitos a periculosidade com advogados especializados em legislação trabalhista.</p>,"<p>Advogados especializados em direitos de motoboys podem ajudar esses profissionais a entender e reivindicar seus direitos relacionados a segurança, remuneração e condições de trabalho.</p>","<p>Motoboys têm direito a receber adicional de periculosidade, previsto na legislação trabalhista, devido aos riscos inerentes à atividade de entrega em motocicletas, como exposição ao trânsito e a condições adversas.</p>"
Não Tenho Carteira Assinada e Fui Demitido,nao-tenho-carteira-assinada-e-fui-demitido,65c413ba50d21de863daa711,6552987bfd4a5980b0cc5b42,65dbc63f1ff3fc615f220ecf,false,false,Sun Feb 25 2024 22:59:11 GMT+0000 (Coordinated Universal Time),Sun Feb 25 2024 22:59:11 GMT+0000 (Coordinated Universal Time),Sun Feb 25 2024 22:59:24 GMT+0000 (Coordinated Universal Time),Não Tenho Carteira Assinada e Fui Demitido,Demitido sem carteira assinada? Fale com advogados especializados em direitos trabalhistas.,Não Tenho Carteira Assinada e Fui Demitido,Advogado Especializado em Direitos sem Carteira Assinada,Direitos Trabalhistas sem Carteira Assinada,<p>Demitido sem carteira assinada? Fale com advogados especializados em direitos trabalhistas.</p>,"<p>Trabalhando sem registro? Advogados especializados podem ajudá-lo a garantir seus direitos, mesmo sem carteira assinada.</p>","<p>Mesmo sem registro formal, trabalhadores possuem direitos básicos assegurados pela legislação, e podem buscar medidas legais para garantir esses direitos.</p>"
Pedi Demissão e Não Tenho Carteira Assinada. Quais Meus Direitos?,pedi-demissao-e-nao-tenho-carteira-assinada-quais-meus-direitos,65c413ba50d21de863daa711,6552987bfd4a5980b0cc5b42,6820b7c7f666525258732b91,false,false,Sun May 11 2025 14:44:23 GMT+0000 (Coordinated Universal Time),Sun May 11 2025 14:44:23 GMT+0000 (Coordinated Universal Time),Sun May 11 2025 14:44:23 GMT+0000 (Coordinated Universal Time),Pedi Demissão e Não Tenho Carteira Assinada. Quais Meus Direitos?,Pediu Demissão e Não Tem Carteira Assinada? Fale com Advogado Gratuitamente.,Pedi Demissão e Não Tenho Carteira Assinada,Advogado Especializado em Direitos de Trabalhadores Sem Carteira Assinada,Direitos Trabalhistas de Trabalhadores Sem Carteira Assinada,"<p id="""">Pediu Demissão e Não Tinha Carteira Assinada? Fale com Advogado Gratuitamente.</p>","<p id="""">Trabalhou Sem Registro? Advogados especializados podem ajudá-lo a garantir seus direitos, mesmo sem carteira assinada.</p>","<p>Mesmo sem registro formal, trabalhadores possuem direitos básicos assegurados pela legislação, e podem buscar medidas legais para garantir esses direitos.</p>"
Pedido de Demissão Direitos Trabalhistas,demissao,65c413ba50d21de863daa711,6552987bfd4a5980b0cc5b42,65dbc63ebcf25c5803a3c972,false,false,Sun Feb 25 2024 22:59:10 GMT+0000 (Coordinated Universal Time),Sun Nov 02 2025 20:05:00 GMT+0000 (Coordinated Universal Time),Thu Nov 20 2025 12:13:01 GMT+0000 (Coordinated Universal Time),Pedido de Demissão Direitos Trabalhistas,Dúvidas sobre pedido de demissão e direitos? Fale com advogados especializados em demissões.,Demissão,Advogado Especializado em Direitos Trabalhistas na Demissão,Direitos Trabalhistas na Rescisão por Demissão,<p>Dúvidas sobre pedido de demissão e direitos? Fale com advogados especializados em demissões.</p>,<p>Navegar por uma demissão pode ser complexo. Um advogado especializado pode esclarecer seus direitos trabalhistas e assegurar que você seja tratado justamente.</p>,"<p>A rescisão por demissão envolve direitos específicos, como aviso prévio, saldo de salário e indenizações, garantidos pela legislação trabalhista.</p>"
Prazo para Denunciar Assédio Moral,prazo-para-denunciar-assedio-moral,65c413ba50d21de863daa711,6552987bfd4a5980b0cc5b42,65dbc642bb58feee80bb2617,false,false,Sun Feb 25 2024 22:59:14 GMT+0000 (Coordinated Universal Time),Sun Feb 25 2024 22:59:14 GMT+0000 (Coordinated Universal Time),Sun Feb 25 2024 22:59:24 GMT+0000 (Coordinated Universal Time),Prazo para Denunciar Assédio Moral,Descubra o prazo para denunciar assédio moral e defenda seus direitos com advogados especializados.,Prazo para Denunciar Assédio Moral,Advogado Especializado em Prazos para Denúncias de Assédio Moral,Prazos Legais para Denunciar Casos de Assédio Moral,<p>Descubra o prazo para denunciar assédio moral e defenda seus direitos com advogados especializados.</p>,<p>É crucial conhecer os prazos legais para denunciar casos de assédio moral. Advogados especializados podem orientar sobre os procedimentos e prazos aplicáveis.</p>,"<p>Os prazos legais para denunciar casos de assédio moral no trabalho podem variar de acordo com a legislação trabalhista de cada país ou região, sendo importante consultar um advogado especializado para orientações específicas sobre o tema.</p>"
Processo Trabalhista Contra Banco,bancarios,65c413ba50d21de863daa711,6552987bfd4a5980b0cc5b42,65dbc642121420dd8b6fa649,false,false,Sun Feb 25 2024 22:59:14 GMT+0000 (Coordinated Universal Time),Sun Feb 25 2024 22:59:14 GMT+0000 (Coordinated Universal Time),Sun Feb 25 2024 22:59:24 GMT+0000 (Coordinated Universal Time),Processo Trabalhista Contra Banco,Enfrentando problemas trabalhistas com um banco? Fale com advogados especializados em processos contra bancos.,Processo Trabalhista Contra Banco,Advogado Especializado em Processos Trabalhistas Contra Bancos,Direitos em Processos Trabalhistas Contra Instituições Bancárias,<p>Enfrentando problemas trabalhistas com um banco? Fale com advogados especializados em processos contra bancos.</p>,"<p>Advogados com experiência em processos contra instituições bancárias podem representar empregados em disputas trabalhistas, assegurando a defesa de seus direitos.</p>","<p>Os trabalhadores têm direitos garantidos em processos trabalhistas contra instituições bancárias, incluindo questões como horas extras, adicional de periculosidade, adicional noturno, entre outros, de acordo com a legislação trabalhista vigente.</p>"
Quais os Direitos de uma Empregada Doméstica,quais-os-direitos-de-uma-empregada-domestica,65c413ba50d21de863daa711,6552987bfd4a5980b0cc5b42,65dbc641189e85965866c43f,false,false,Sun Feb 25 2024 22:59:13 GMT+0000 (Coordinated Universal Time),Sun Feb 25 2024 22:59:13 GMT+0000 (Coordinated Universal Time),Sun Feb 25 2024 22:59:24 GMT+0000 (Coordinated Universal Time),Quais os Direitos de uma Empregada Doméstica,Direitos de empregada doméstica? Tire suas dúvidas com advogados especializados em direitos trabalhistas.,Quais os Direitos de uma Empregada Doméstica,Advogado Especializado em Direito das Empregadas Domésticas,Direitos Trabalhistas para Empregadas Domésticas,<p>Direitos de empregada doméstica? Tire suas dúvidas com advogados especializados em direitos trabalhistas.</p>,"<p>Profissionais com foco na legislação específica para empregadas domésticas podem oferecer orientação detalhada sobre os direitos e deveres, tanto para empregadores quanto para empregados.</p>","<p>As empregadas domésticas têm direito a diversos benefícios trabalhistas, como salário mínimo, registro em carteira, jornada de trabalho definida, férias, 13º salário, entre outros, conforme estabelecido pela legislação específica.</p>"
Qual o Valor da Indenização por Assédio Moral no Trabalho,qual-o-valor-da-indenizacao-por-assedio-moral-no-trabalho,65c413ba50d21de863daa711,6552987bfd4a5980b0cc5b42,65dbc63e9bf0177a8ca5d565,false,false,Sun Feb 25 2024 22:59:10 GMT+0000 (Coordinated Universal Time),Sun Feb 25 2024 22:59:10 GMT+0000 (Coordinated Universal Time),Sun Feb 25 2024 22:59:24 GMT+0000 (Coordinated Universal Time),Qual o Valor da Indenização por Assédio Moral no Trabalho,Problemas com assédio moral no trabalho? Fale com advogados especializados em assédio moral.,Qual o Valor da Indenização por Assédio Moral no Trabalho,Advogado Especializado em Acidentes de Trabalho,Direitos Trabalhistas em Casos de Assédio Moral,<p>Problemas com assédio moral no trabalho? Fale com advogados especializados em assédio moral.</p>,<p>Lesões como bursite devido ao trabalho exigem atenção. Um advogado especializado pode ajudar a obter a compensação necessária para tratamentos.</p>,"<p>O assédio moral no trabalho é uma violação grave dos direitos do trabalhador. As vítimas têm direito a buscar reparação legal, incluindo indenizações por danos morais e materiais.</p>"
Qual o Valor da Indenização por Hérnia de Disco,qual-o-valor-da-indenizacao-por-hernia-de-disco,65c413ba50d21de863daa711,6552987bfd4a5980b0cc5b42,65dbc63ef43375e63473baf6,false,false,Sun Feb 25 2024 22:59:10 GMT+0000 (Coordinated Universal Time),Sun Feb 25 2024 22:59:10 GMT+0000 (Coordinated Universal Time),Sun Feb 25 2024 22:59:24 GMT+0000 (Coordinated Universal Time),Qual o Valor da Indenização por Hérnia de Disco,Problemas com indenização por hérnia de disco? Fale com advogados especializados em doenças do trabalho.,Qual o Valor da Indenização por Hérnia de Disco,Advogado Especializado em Adicional Noturno,Direitos Trabalhistas para Lesões como Hérnia de Disco,<p>Problemas com indenização por hérnia de disco? Fale com advogados especializados em doenças do trabalho.</p>,"<p>Rescisões trabalhistas podem ser complexas. Um advogado especializado pode guiar pelo processo, assegurando que todos os direitos sejam respeitados.</p>","<p>Trabalhadores que sofrem lesões ocupacionais, como hérnia de disco, têm direito a tratamento, compensações e medidas que garantam a adequada reabilitação e prevenção.</p>"
Qual o Valor da Indenização por ser Demitido Doente,qual-o-valor-da-indenizacao-por-ser-demitido-doente,65c413ba50d21de863daa711,6552987bfd4a5980b0cc5b42,65dbc63eb75bfd6e0a3bbef5,false,false,Sun Feb 25 2024 22:59:10 GMT+0000 (Coordinated Universal Time),Sun Feb 25 2024 22:59:10 GMT+0000 (Coordinated Universal Time),Sun Feb 25 2024 22:59:24 GMT+0000 (Coordinated Universal Time),Qual o Valor da Indenização por ser Demitido Doente,Problemas por ser demitido doente? Fale com advogados especializados em demissões injustas.,Qual o Valor da Indenização por ser Demitido Doente,Advogado Especializado em Demissões por Motivo de Doença,Direitos Trabalhistas ao Ser Demitido Doente,<p>Problemas por ser demitido doente? Fale com advogados especializados em demissões injustas.</p>,<p>Foi demitido por estar doente? Advogados especializados podem ajudar a entender seus direitos e orientar sobre os próximos passos a tomar.</p>,"<p>Trabalhadores demitidos durante períodos de doença podem ter direitos específicos, como estabilidade provisória e compensações, dependendo da natureza da doença e das circunstâncias da demissão.</p>"
Quebra de Contrato Trabalhista pela Empresa,quebra-de-contrato,65c413ba50d21de863daa711,6552987bfd4a5980b0cc5b42,65dbc640882147dc8c420765,false,false,Sun Feb 25 2024 22:59:12 GMT+0000 (Coordinated Universal Time),Sun Feb 25 2024 22:59:12 GMT+0000 (Coordinated Universal Time),Sun Feb 25 2024 22:59:24 GMT+0000 (Coordinated Universal Time),Quebra de Contrato Trabalhista pela Empresa,Empresa quebrou o contrato? Veja suas opções legais com advogados especializados em quebra de contrato.,Quebra de Contrato Trabalhista pela Empresa,Advogado Especializado em Quebras de Contrato,Direitos em Caso de Quebra de Contrato Trabalhista,<p>Empresa quebrou o contrato? Veja suas opções legais com advogados especializados em quebra de contrato.</p>,"<p>Se seu empregador quebrou termos do contrato de trabalho, é essencial contar com um advogado especializado para entender suas opções legais e buscar reparação adequada.</p>","<p>Na quebra de contrato trabalhista, o trabalhador pode ter direito a indenizações e compensações, dependendo das circunstâncias da quebra e dos termos do contrato estabelecido.</p>"
Quem Limpa Banheiro Tem Direito a Insalubridade,quem-limpa-banheiro-tem-direito-a-insalubridade,65c413ba50d21de863daa711,6552987bfd4a5980b0cc5b42,65dbc6418cd82161b0b09f18,false,false,Sun Feb 25 2024 22:59:13 GMT+0000 (Coordinated Universal Time),Sun Feb 25 2024 22:59:13 GMT+0000 (Coordinated Universal Time),Sun Feb 25 2024 22:59:24 GMT+0000 (Coordinated Universal Time),Quem Limpa Banheiro Tem Direito a Insalubridade,Limpa banheiros? Conheça seus direitos a insalubridade com orientação de advogados especializados.,Quem Limpa Banheiro Tem Direito a Insalubridade,Advogado Especializado em Normas de Insalubridade para Limpeza de Banheiros,Regulamentação de Insalubridade para Limpeza de Banheiros,<p>Limpa banheiros? Conheça seus direitos a insalubridade com orientação de advogados especializados.</p>,<p>Especialistas podem orientar profissionais responsáveis pela limpeza de banheiros sobre como garantir que sejam aplicados os adicionais de insalubridade apropriados.</p>,"<p>A regulamentação trabalhista define critérios específicos para o pagamento do adicional de insalubridade aos trabalhadores responsáveis pela limpeza de banheiros, considerando os riscos à saúde envolvidos nessa atividade.</p>"
Quem Tem Direito a Insalubridade no Trabalho,insalubridade,65c413ba50d21de863daa711,6552987bfd4a5980b0cc5b42,65dbc6431ff3fc615f220fa3,false,false,Sun Feb 25 2024 22:59:15 GMT+0000 (Coordinated Universal Time),Sun Feb 25 2024 22:59:15 GMT+0000 (Coordinated Universal Time),Sun Feb 25 2024 22:59:24 GMT+0000 (Coordinated Universal Time),Quem Tem Direito a Insalubridade no Trabalho,Quem tem direito a insalubridade no trabalho? Entenda melhor com advogados especializados.,Quem Tem Direito a Insalubridade no Trabalho,Advogado Especializado em Direitos a Insalubridade,Critérios para o Direito a Insalubridade no Trabalho,<p>Quem tem direito a insalubridade no trabalho? Entenda melhor com advogados especializados.</p>,<p>Trabalhadores expostos a condições insalubres podem contar com o apoio de advogados especializados para reivindicar adicionais de insalubridade e proteger sua saúde.</p>,"<p>Os critérios para o direito ao adicional de insalubridade no trabalho são estabelecidos pela legislação trabalhista, levando em consideração a exposição a agentes nocivos à saúde durante as atividades laborais, com base em laudos técnicos e normas regulamentadoras.</p>"
Quem Trabalha com Limpeza Tem Direito a Insalubridade,quem-trabalha-com-limpeza-tem-direito-a-insalubridade,65c413ba50d21de863daa711,6552987bfd4a5980b0cc5b42,65dbc641433c528b461e2fcb,false,false,Sun Feb 25 2024 22:59:13 GMT+0000 (Coordinated Universal Time),Sun Feb 25 2024 22:59:13 GMT+0000 (Coordinated Universal Time),Sun Feb 25 2024 22:59:24 GMT+0000 (Coordinated Universal Time),Quem Trabalha com Limpeza Tem Direito a Insalubridade,Trabalha com limpeza? Saiba mais sobre seu direito a insalubridade com advogados especializados.,Quem Trabalha com Limpeza Tem Direito a Insalubridade,Advogado Especializado em Insalubridade no Setor de Limpeza,Legislação sobre Insalubridade em Trabalhos de Limpeza,<p>Trabalha com limpeza? Saiba mais sobre seu direito a insalubridade com advogados especializados.</p>,<p>Profissionais do direito podem ajudar trabalhadores do setor de limpeza a entenderem seus direitos a adicionais de insalubridade devido à exposição a agentes nocivos.</p>,"<p>A legislação trabalhista estabelece normas e critérios para a caracterização e pagamento do adicional de insalubridade em trabalhos de limpeza, visando proteger a saúde dos trabalhadores.</p>"
Quem Trabalha na Limpeza Hospitalar Tem Direito a Insalubridade,quem-trabalha-na-limpeza-hospitalar-tem-direito-a-insalubridade,65c413ba50d21de863daa711,6552987bfd4a5980b0cc5b42,65dbc642ba41bda71510f14a,false,false,Sun Feb 25 2024 22:59:14 GMT+0000 (Coordinated Universal Time),Sun Feb 25 2024 22:59:14 GMT+0000 (Coordinated Universal Time),Sun Feb 25 2024 22:59:24 GMT+0000 (Coordinated Universal Time),Quem Trabalha na Limpeza Hospitalar Tem Direito a Insalubridade,Na limpeza hospitalar? Descubra seus direitos a insalubridade com advogados especializados.,Quem Trabalha na Limpeza Hospitalar Tem Direito a Insalubridade,Advogado Especializado em Insalubridade na Limpeza Hospitalar,Insalubridade para Profissionais de Limpeza Hospitalar,<p>Na limpeza hospitalar? Descubra seus direitos a insalubridade com advogados especializados.</p>,<p>Advogados com experiência em ambientes hospitalares podem ajudar trabalhadores da limpeza a reivindicar seus direitos devido à exposição a riscos biológicos.</p>,"<p>Profissionais de limpeza hospitalar têm direito ao adicional de insalubridade devido aos riscos biológicos e químicos a que estão expostos no ambiente hospitalar, conforme previsto na legislação trabalhista.</p>"
Rescisão Indireta por Desvio de Função,rescisao-indireta-por-desvio-de-funcao,65c413ba50d21de863daa711,6552987bfd4a5980b0cc5b42,65dbc640bcf25c5803a3ca1e,false,false,Sun Feb 25 2024 22:59:12 GMT+0000 (Coordinated Universal Time),Sun Feb 25 2024 22:59:12 GMT+0000 (Coordinated Universal Time),Sun Feb 25 2024 22:59:24 GMT+0000 (Coordinated Universal Time),Rescisão Indireta por Desvio de Função,Rescisão indireta por desvio de função? Fale com advogados para explorar suas opções legais.,Rescisão Indireta por Desvio de Função,Advogado Especializado em Desvio de Função,Direitos à Rescisão Indireta por Desvio de Função,<p>Rescisão indireta por desvio de função? Fale com advogados para explorar suas opções legais.</p>,"<p>Em situações onde o ambiente de trabalho se torna insustentável, uma rescisão indireta pode ser necessária. Um advogado especializado pode orientar você nesse processo, garantindo a proteção de seus direitos.</p>","<p>Na rescisão indireta por desvio de função, o trabalhador pode ter direito a todas as verbas rescisórias devidas em uma demissão sem justa causa, além de possíveis indenizações por danos morais e materiais.</p>"
Tirar Dúvidas com Advogados Online Grátis,advogado-trabalhista,65c413ba50d21de863daa711,6552987bfd4a5980b0cc5b42,65dbc63fd1020a8f3a6a3102,false,false,Sun Feb 25 2024 22:59:11 GMT+0000 (Coordinated Universal Time),Sun Nov 02 2025 20:01:42 GMT+0000 (Coordinated Universal Time),Thu Nov 20 2025 12:13:01 GMT+0000 (Coordinated Universal Time),Tirar Dúvidas com Advogados Online Grátis,TQuer tirar dúvidas com advogados? Converse online e grátis com advogados especializados agora mesmo.,Advogado Trabalhista,Advogado Especializado em Consultoria Online Gratuita,Consultoria Gratuita sobre Direitos Trabalhistas,"<p id="""">Quer tirar dúvidas com advogados? Converse online e grátis com advogados especializados agora mesmo.</p>",<p>Tem dúvidas trabalhistas? Advogados oferecem consultoria online gratuita para esclarecer suas questões e orientar sobre os próximos passos.</p>,"<p>Muitos profissionais do direito oferecem consultoria gratuita para esclarecer dúvidas sobre direitos trabalhistas, proporcionando orientação acessível a todos os trabalhadores.</p>"
Trabalhei Anos Sem Carteira Assinada. Quais Meus Direitos?,trabalhei-anos-sem-carteira-assinada-quais-meus-direitos,65c413ba50d21de863daa711,6552987bfd4a5980b0cc5b42,6821db0a1151d7710964ad6f,false,false,Mon May 12 2025 11:27:06 GMT+0000 (Coordinated Universal Time),Mon May 12 2025 11:27:06 GMT+0000 (Coordinated Universal Time),Mon May 12 2025 11:27:06 GMT+0000 (Coordinated Universal Time),Trabalhei Anos Sem Carteira Assinada. Quais Meus Direitos?,Trabalhou Anos Sem Carteira Assinada? Fale com um Advogado Gratuitamente.,Trabalhei Anos Sem Carteira Assinada. Quais Meus Direitos?,Advogado Especializado em Direitos de Trabalhadores Sem Carteira Assinada,Direitos de Trabalhadores Sem Carteira Assinada,"<p id="""">Trabalhou Anos Sem Carteira Assinada? Fale com um Advogado Gratuitamente.</p>","<p id="""">Trabalhou Anos Sem Registro? Advogados especializados podem ajudá-lo a garantir seus direitos, mesmo sem carteira assinada.</p>","<p>Mesmo sem registro formal, trabalhadores possuem direitos básicos assegurados pela legislação, e podem buscar medidas legais para garantir esses direitos.</p>"
Trabalhei Meses Sem Carteira Assinada. Quais Meus Direitos?,trabalhei-meses-sem-carteira-assinada-quais-meus-direitos,65c413ba50d21de863daa711,6552987bfd4a5980b0cc5b42,6821db380dfac2c0979fdfce,false,false,Mon May 12 2025 11:27:52 GMT+0000 (Coordinated Universal Time),Mon May 12 2025 11:27:52 GMT+0000 (Coordinated Universal Time),Mon May 12 2025 11:27:52 GMT+0000 (Coordinated Universal Time),Trabalhei Meses Sem Carteira Assinada. Quais Meus Direitos?,Trabalhou Meses Sem Carteira Assinada? Fale com um Advogado Gratuitamente.,Trabalhei Meses Sem Carteira Assinada. Quais Meus Direitos?,Advogado Especializado em Direitos de Trabalhadores Sem Carteira Assinada,Direitos de Trabalhadores Sem Carteira Assinada,"<p id="""">Trabalhou Meses Sem Carteira Assinada? Fale com um Advogado Gratuitamente.</p>","<p id="""">Trabalhou Meses Sem Registro? Advogados especializados podem ajudá-lo a garantir seus direitos, mesmo sem carteira assinada.</p>","<p>Mesmo sem registro formal, trabalhadores possuem direitos básicos assegurados pela legislação, e podem buscar medidas legais para garantir esses direitos.</p>"
Trabalhei Sem Carteira Assinada. Quais Meus Direitos?,trabalhei-sem-carteira-assinada-quais-meus-direitos,65c413ba50d21de863daa711,6552987bfd4a5980b0cc5b42,6821dbfd5f01f5c797d0d873,false,false,Mon May 12 2025 11:31:09 GMT+0000 (Coordinated Universal Time),Mon May 12 2025 11:31:09 GMT+0000 (Coordinated Universal Time),Mon May 12 2025 11:31:09 GMT+0000 (Coordinated Universal Time),Trabalhei Sem Carteira Assinada. Quais Meus Direitos?,Trabalhou Sem Carteira Assinada? Fale com um Advogado Gratuitamente.,Trabalhei Sem Carteira Assinada. Quais Meus Direitos?,Advogado Especializado em Direitos de Trabalhadores Sem Carteira Assinada,Direitos de Trabalhadores Sem Carteira Assinada,"<p id="""">Trabalhou Sem Carteira Assinada? Fale com um Advogado Gratuitamente.</p>","<p id="""">Trabalhou Sem Registro? Advogados especializados podem ajudá-lo a garantir seus direitos, mesmo sem carteira assinada.</p>","<p>Mesmo sem registro formal, trabalhadores possuem direitos básicos assegurados pela legislação, e podem buscar medidas legais para garantir esses direitos.</p>"
Valor Indenização Bursite,valor-indenizacao-bursite,65c413ba50d21de863daa711,6552987bfd4a5980b0cc5b42,65dbc63e8748b962f8d01171,false,false,Sun Feb 25 2024 22:59:10 GMT+0000 (Coordinated Universal Time),Sun Feb 25 2024 22:59:10 GMT+0000 (Coordinated Universal Time),Sun Feb 25 2024 22:59:24 GMT+0000 (Coordinated Universal Time),Valor Indenização Bursite,Problemas com bursite relacionada ao trabalho? Fale com advogados especializados em lesões ocupacionais.,Valor Indenização Bursite,Advogado Especializado em Doenças Ocupacionais como Hérnia de Disco,Direitos Trabalhistas Relacionados a Lesões por Esforço Repetitivo,<p>Problemas com bursite relacionada ao trabalho? Fale com advogados especializados em lesões ocupacionais.</p>,<p>Acidentes no trabalho são sérios e exigem orientação especializada. Advogados especializados em acidentes de trabalho garantem a proteção dos seus direitos.</p>,"<p>Lesões por esforço repetitivo (LER) relacionadas ao trabalho dão direito ao trabalhador de buscar tratamento, compensações e, em alguns casos, readequação profissional.</p>"
Valor Indenização Síndrome de Burnout,valor-indenizacao-sindrome-de-burnout,65c413ba50d21de863daa711,6552987bfd4a5980b0cc5b42,65dbc63ed028d80ac07f25c5,false,false,Sun Feb 25 2024 22:59:10 GMT+0000 (Coordinated Universal Time),Sun Feb 25 2024 22:59:10 GMT+0000 (Coordinated Universal Time),Sun Feb 25 2024 22:59:24 GMT+0000 (Coordinated Universal Time),Valor Indenização Síndrome de Burnout,Problemas com síndrome de Burnout? Fale com advogados especializados em saúde ocupacional.,Valor Indenização Síndrome de Burnout,Advogado Especializado em Síndrome de Burnout,Direitos Trabalhistas na Síndrome de Burnout,<p>Problemas com síndrome de Burnout? Fale com advogados especializados em saúde ocupacional.</p>,"<p>A síndrome de Burnout, relacionada ao estresse crônico, requer atenção. Advogados especializados podem auxiliar na busca por compensações e melhorias no ambiente de trabalho.</p>","<p>A síndrome de Burnout, resultante do estresse crônico no trabalho, é reconhecida como um risco ocupacional. Os trabalhadores afetados têm direito a suporte e compensações adequadas.</p>"
Valor de Indenização para Gestante Demitida,valor-de-indenizacao-para-gestante-demitida,65c413ba50d21de863daa711,6552987bfd4a5980b0cc5b42,65dbc63ead5c4f22c215875e,false,false,Sun Feb 25 2024 22:59:10 GMT+0000 (Coordinated Universal Time),Sun Feb 25 2024 22:59:10 GMT+0000 (Coordinated Universal Time),Sun Feb 25 2024 22:59:24 GMT+0000 (Coordinated Universal Time),Valor de Indenização para Gestante Demitida,Problemas com indenização para gestantes demitidas? Fale com advogados especializados em direitos da mulher.,Valor de Indenização para Gestante Demitida,Advogado Especializado em Direitos da Gestante no Trabalho,Direitos Trabalhistas para Gestantes Demitidas,<p>Problemas com indenização para gestantes demitidas? Fale com advogados especializados em direitos da mulher.</p>,<p>Gestantes têm direitos específicos no trabalho. Um advogado especializado assegura que esses direitos sejam respeitados e violações sejam abordadas.</p>,"<p>Gestantes possuem proteção especial no emprego, incluindo o direito à estabilidade no trabalho. A demissão injusta de gestantes pode resultar em direitos a indenizações e reintegração.</p>"
Vigilante Desarmado Tem Direito a Periculosidade,vigilante-desarmado-tem-direito-a-periculosidade,65c413ba50d21de863daa711,6552987bfd4a5980b0cc5b42,65dbc6428cd82161b0b09f88,false,false,Sun Feb 25 2024 22:59:14 GMT+0000 (Coordinated Universal Time),Sun Feb 25 2024 22:59:14 GMT+0000 (Coordinated Universal Time),Sun Feb 25 2024 22:59:24 GMT+0000 (Coordinated Universal Time),Vigilante Desarmado Tem Direito a Periculosidade,Vigilante desarmado: entenda seu direito a periculosidade com a ajuda de advogados especializados.,Vigilante Desarmado Tem Direito a Periculosidade,Advogado Especializado em Periculosidade para Vigilantes Desarmados,Regulamentação de Periculosidade para Vigilantes Desarmados,<p>Vigilante desarmado: entenda seu direito a periculosidade com a ajuda de advogados especializados.</p>,"<p>Especialistas no direito trabalhista podem orientar vigilantes desarmados sobre seus direitos a adicionais de periculosidade, considerando os riscos inerentes à função.</p>","<p>A regulamentação trabalhista estabelece critérios para o pagamento do adicional de periculosidade aos vigilantes desarmados, considerando os riscos inerentes à atividade de segurança, mesmo sem o porte de armas, conforme previsto na legislação específica.</p>"
